image_id,identity,split
000023.jpg,1,enroll
004506.jpg,1,enroll
006439.jpg,1,enroll
014042.jpg,1,enroll
015216.jpg,1,enroll
023004.jpg,1,enroll
024091.jpg,1,enroll
027827.jpg,1,enroll
030454.jpg,1,enroll
032404.jpg,1,enroll
033490.jpg,1,test
049381.jpg,1,test
051162.jpg,1,test
056279.jpg,1,test
064538.jpg,1,test
067807.jpg,1,test
067855.jpg,1,test
068169.jpg,1,test
087503.jpg,1,test
090781.jpg,1,test
003029.jpg,3,enroll
003206.jpg,3,enroll
008838.jpg,3,enroll
016811.jpg,3,enroll
016933.jpg,3,enroll
021233.jpg,3,enroll
043469.jpg,3,enroll
067332.jpg,3,test
072785.jpg,3,test
079834.jpg,3,test
093256.jpg,3,test
110393.jpg,3,test
113790.jpg,3,test
121749.jpg,3,test
008268.jpg,4,enroll
022543.jpg,4,enroll
022852.jpg,4,enroll
027099.jpg,4,enroll
056602.jpg,4,enroll
056784.jpg,4,enroll
064665.jpg,4,enroll
067358.jpg,4,enroll
083617.jpg,4,enroll
086984.jpg,4,enroll
095308.jpg,4,test
101388.jpg,4,test
107918.jpg,4,test
112901.jpg,4,test
118077.jpg,4,test
122190.jpg,4,test
122209.jpg,4,test
131418.jpg,4,test
143743.jpg,4,test
147012.jpg,4,test
000456.jpg,5,enroll
018771.jpg,5,enroll
038782.jpg,5,enroll
044156.jpg,5,enroll
053288.jpg,5,enroll
058156.jpg,5,enroll
066343.jpg,5,enroll
069570.jpg,5,enroll
093951.jpg,5,test
100300.jpg,5,test
101049.jpg,5,test
107859.jpg,5,test
144161.jpg,5,test
147010.jpg,5,test
154500.jpg,5,test
157060.jpg,5,test
002617.jpg,6,enroll
003289.jpg,6,enroll
004317.jpg,6,enroll
010911.jpg,6,enroll
020303.jpg,6,enroll
022488.jpg,6,enroll
028232.jpg,6,enroll
087506.jpg,6,enroll
089761.jpg,6,test
101323.jpg,6,test
112305.jpg,6,test
115739.jpg,6,test
122677.jpg,6,test
136982.jpg,6,test
139872.jpg,6,test
147869.jpg,6,test
002065.jpg,7,enroll
003099.jpg,7,enroll
009932.jpg,7,enroll
011904.jpg,7,enroll
017587.jpg,7,enroll
019811.jpg,7,enroll
020284.jpg,7,enroll
022384.jpg,7,enroll
036895.jpg,7,enroll
038132.jpg,7,test
045626.jpg,7,test
063094.jpg,7,test
090940.jpg,7,test
115977.jpg,7,test
121574.jpg,7,test
130335.jpg,7,test
003089.jpg,8,enroll
011578.jpg,8,enroll
031949.jpg,8,enroll
039238.jpg,8,enroll
041283.jpg,8,enroll
043362.jpg,8,enroll
051799.jpg,8,enroll
061852.jpg,8,enroll
078965.jpg,8,test
080188.jpg,8,test
089454.jpg,8,test
092216.jpg,8,test
092361.jpg,8,test
094177.jpg,8,test
094456.jpg,8,test
098549.jpg,8,test
100773.jpg,8,test
108789.jpg,8,test
002486.jpg,12,enroll
002576.jpg,12,enroll
003567.jpg,12,enroll
020660.jpg,12,enroll
021410.jpg,12,enroll
022131.jpg,12,enroll
028512.jpg,12,enroll
028858.jpg,12,enroll
046666.jpg,12,enroll
054124.jpg,12,enroll
056136.jpg,12,test
074701.jpg,12,test
079607.jpg,12,test
082126.jpg,12,test
088735.jpg,12,test
094568.jpg,12,test
097381.jpg,12,test
129982.jpg,12,test
131739.jpg,12,test
134591.jpg,12,test
000077.jpg,13,enroll
008926.jpg,13,enroll
030071.jpg,13,enroll
046649.jpg,13,enroll
051466.jpg,13,enroll
061274.jpg,13,enroll
068329.jpg,13,enroll
070408.jpg,13,enroll
093349.jpg,13,enroll
093875.jpg,13,enroll
096418.jpg,13,test
098293.jpg,13,test
099427.jpg,13,test
102088.jpg,13,test
110430.jpg,13,test
128227.jpg,13,test
131411.jpg,13,test
134894.jpg,13,test
145289.jpg,13,test
149508.jpg,13,test
032486.jpg,14,enroll
044192.jpg,14,enroll
051809.jpg,14,enroll
052645.jpg,14,enroll
055899.jpg,14,enroll
062161.jpg,14,enroll
065274.jpg,14,enroll
066818.jpg,14,enroll
069364.jpg,14,enroll
073286.jpg,14,test
085653.jpg,14,test
092944.jpg,14,test
107724.jpg,14,test
109040.jpg,14,test
110212.jpg,14,test
113507.jpg,14,test
011256.jpg,15,enroll
013138.jpg,15,enroll
018122.jpg,15,enroll
026437.jpg,15,enroll
029700.jpg,15,enroll
031539.jpg,15,enroll
034094.jpg,15,enroll
036793.jpg,15,enroll
040569.jpg,15,enroll
042048.jpg,15,enroll
050987.jpg,15,test
055784.jpg,15,test
056219.jpg,15,test
061494.jpg,15,test
075625.jpg,15,test
075829.jpg,15,test
081138.jpg,15,test
084267.jpg,15,test
092362.jpg,15,test
092452.jpg,15,test
003677.jpg,17,enroll
016244.jpg,17,enroll
023704.jpg,17,enroll
036339.jpg,17,enroll
042035.jpg,17,enroll
042490.jpg,17,enroll
052913.jpg,17,enroll
072468.jpg,17,enroll
084325.jpg,17,test
088346.jpg,17,test
099140.jpg,17,test
102744.jpg,17,test
105787.jpg,17,test
106276.jpg,17,test
119018.jpg,17,test
122307.jpg,17,test
162774.jpg,18,enroll
163335.jpg,18,enroll
164623.jpg,18,enroll
165575.jpg,18,enroll
165698.jpg,18,enroll
166462.jpg,18,enroll
166687.jpg,18,enroll
166818.jpg,18,enroll
168764.jpg,18,enroll
169586.jpg,18,enroll
170576.jpg,18,test
170940.jpg,18,test
170945.jpg,18,test
170983.jpg,18,test
173372.jpg,18,test
173798.jpg,18,test
176016.jpg,18,test
176336.jpg,18,test
177038.jpg,18,test
180250.jpg,18,test
004319.jpg,19,enroll
005007.jpg,19,enroll
022185.jpg,19,enroll
023435.jpg,19,enroll
026339.jpg,19,enroll
049064.jpg,19,enroll
057907.jpg,19,enroll
059656.jpg,19,enroll
085433.jpg,19,enroll
087923.jpg,19,enroll
088687.jpg,19,test
103430.jpg,19,test
112622.jpg,19,test
121327.jpg,19,test
127377.jpg,19,test
140245.jpg,19,test
146663.jpg,19,test
158625.jpg,19,test
161285.jpg,19,test
161811.jpg,19,test
003039.jpg,21,enroll
004568.jpg,21,enroll
005330.jpg,21,enroll
011022.jpg,21,enroll
012938.jpg,21,enroll
013428.jpg,21,enroll
017835.jpg,21,enroll
018539.jpg,21,enroll
023508.jpg,21,enroll
036240.jpg,21,enroll
043693.jpg,21,test
055752.jpg,21,test
069652.jpg,21,test
069675.jpg,21,test
074472.jpg,21,test
075517.jpg,21,test
083029.jpg,21,test
087818.jpg,21,test
101826.jpg,21,test
102976.jpg,21,test
000481.jpg,22,enroll
001677.jpg,22,enroll
006085.jpg,22,enroll
020549.jpg,22,enroll
023894.jpg,22,enroll
025925.jpg,22,enroll
030669.jpg,22,enroll
064250.jpg,22,enroll
065422.jpg,22,enroll
073532.jpg,22,test
076966.jpg,22,test
077617.jpg,22,test
087477.jpg,22,test
100534.jpg,22,test
101169.jpg,22,test
115672.jpg,22,test
119032.jpg,22,test
121551.jpg,22,test
122837.jpg,22,test
004488.jpg,23,enroll
005103.jpg,23,enroll
019513.jpg,23,enroll
024097.jpg,23,enroll
028404.jpg,23,enroll
040878.jpg,23,enroll
043253.jpg,23,enroll
043626.jpg,23,enroll
047412.jpg,23,enroll
050720.jpg,23,enroll
051326.jpg,23,test
053185.jpg,23,test
059663.jpg,23,test
065169.jpg,23,test
070391.jpg,23,test
073598.jpg,23,test
083196.jpg,23,test
084738.jpg,23,test
086601.jpg,23,test
090755.jpg,23,test
001505.jpg,24,enroll
014421.jpg,24,enroll
028639.jpg,24,enroll
037183.jpg,24,enroll
037274.jpg,24,enroll
040463.jpg,24,enroll
050853.jpg,24,enroll
051310.jpg,24,enroll
060428.jpg,24,enroll
067243.jpg,24,enroll
069323.jpg,24,test
083990.jpg,24,test
093682.jpg,24,test
098671.jpg,24,test
132900.jpg,24,test
137317.jpg,24,test
149144.jpg,24,test
149778.jpg,24,test
152488.jpg,24,test
005346.jpg,25,enroll
009432.jpg,25,enroll
010802.jpg,25,enroll
015413.jpg,25,enroll
028631.jpg,25,enroll
030271.jpg,25,enroll
037438.jpg,25,enroll
039318.jpg,25,enroll
056793.jpg,25,enroll
061105.jpg,25,test
073419.jpg,25,test
080755.jpg,25,test
084269.jpg,25,test
092666.jpg,25,test
093272.jpg,25,test
096573.jpg,25,test
096784.jpg,25,test
102801.jpg,25,test
107964.jpg,25,test
001784.jpg,27,enroll
002074.jpg,27,enroll
003775.jpg,27,enroll
020414.jpg,27,enroll
021294.jpg,27,enroll
022588.jpg,27,enroll
036013.jpg,27,enroll
051025.jpg,27,enroll
052221.jpg,27,enroll
055161.jpg,27,enroll
074291.jpg,27,test
075340.jpg,27,test
076119.jpg,27,test
079918.jpg,27,test
081929.jpg,27,test
084279.jpg,27,test
085036.jpg,27,test
109292.jpg,27,test
109547.jpg,27,test
000835.jpg,28,enroll
031892.jpg,28,enroll
044796.jpg,28,enroll
047324.jpg,28,enroll
057350.jpg,28,enroll
057532.jpg,28,enroll
069523.jpg,28,enroll
073009.jpg,28,enroll
078661.jpg,28,enroll
091068.jpg,28,enroll
093967.jpg,28,test
104657.jpg,28,test
105451.jpg,28,test
109180.jpg,28,test
109530.jpg,28,test
111654.jpg,28,test
121615.jpg,28,test
125930.jpg,28,test
131470.jpg,28,test
135119.jpg,28,test
009309.jpg,31,enroll
012584.jpg,31,enroll
017453.jpg,31,enroll
017670.jpg,31,enroll
021610.jpg,31,enroll
033790.jpg,31,enroll
034503.jpg,31,enroll
042807.jpg,31,enroll
048280.jpg,31,test
049034.jpg,31,test
058124.jpg,31,test
064289.jpg,31,test
069174.jpg,31,test
080249.jpg,31,test
082495.jpg,31,test
086122.jpg,31,test
097053.jpg,31,test
000605.jpg,32,enroll
003273.jpg,32,enroll
007389.jpg,32,enroll
024602.jpg,32,enroll
028906.jpg,32,enroll
028999.jpg,32,enroll
031019.jpg,32,enroll
035474.jpg,32,enroll
061017.jpg,32,enroll
065572.jpg,32,test
083891.jpg,32,test
085687.jpg,32,test
089469.jpg,32,test
090811.jpg,32,test
092929.jpg,32,test
114948.jpg,32,test
116628.jpg,32,test
117579.jpg,32,test
118537.jpg,32,test
000492.jpg,33,enroll
019726.jpg,33,enroll
022710.jpg,33,enroll
036028.jpg,33,enroll
039138.jpg,33,enroll
046832.jpg,33,enroll
047416.jpg,33,enroll
049344.jpg,33,enroll
052880.jpg,33,enroll
065326.jpg,33,enroll
072113.jpg,33,test
074285.jpg,33,test
088197.jpg,33,test
099624.jpg,33,test
099741.jpg,33,test
113379.jpg,33,test
122163.jpg,33,test
125384.jpg,33,test
126108.jpg,33,test
134771.jpg,33,test
011199.jpg,34,enroll
021567.jpg,34,enroll
031782.jpg,34,enroll
036249.jpg,34,enroll
051369.jpg,34,enroll
056297.jpg,34,enroll
069304.jpg,34,enroll
070299.jpg,34,enroll
072754.jpg,34,enroll
074234.jpg,34,enroll
075897.jpg,34,test
080883.jpg,34,test
081961.jpg,34,test
084081.jpg,34,test
093107.jpg,34,test
098421.jpg,34,test
101878.jpg,34,test
106620.jpg,34,test
109724.jpg,34,test
124778.jpg,34,test
028286.jpg,38,enroll
029417.jpg,38,enroll
039495.jpg,38,enroll
041240.jpg,38,enroll
043917.jpg,38,enroll
048247.jpg,38,enroll
052277.jpg,38,enroll
052492.jpg,38,enroll
053823.jpg,38,enroll
058196.jpg,38,enroll
061052.jpg,38,test
066095.jpg,38,test
066165.jpg,38,test
066422.jpg,38,test
070287.jpg,38,test
079209.jpg,38,test
082354.jpg,38,test
088361.jpg,38,test
100720.jpg,38,test
103378.jpg,38,test
002270.jpg,39,enroll
028633.jpg,39,enroll
030136.jpg,39,enroll
037178.jpg,39,enroll
037338.jpg,39,enroll
045591.jpg,39,enroll
055658.jpg,39,enroll
055847.jpg,39,enroll
067764.jpg,39,test
072463.jpg,39,test
095107.jpg,39,test
098934.jpg,39,test
110991.jpg,39,test
111915.jpg,39,test
112549.jpg,39,test
113720.jpg,39,test
116599.jpg,39,test
126879.jpg,39,test
009551.jpg,40,enroll
026521.jpg,40,enroll
027840.jpg,40,enroll
030059.jpg,40,enroll
042854.jpg,40,enroll
055749.jpg,40,enroll
057840.jpg,40,enroll
060523.jpg,40,enroll
069014.jpg,40,enroll
069351.jpg,40,test
069703.jpg,40,test
075171.jpg,40,test
080766.jpg,40,test
083511.jpg,40,test
099694.jpg,40,test
102638.jpg,40,test
105331.jpg,40,test
115014.jpg,40,test
130270.jpg,40,test
010700.jpg,41,enroll
020396.jpg,41,enroll
023869.jpg,41,enroll
024923.jpg,41,enroll
048507.jpg,41,enroll
069561.jpg,41,enroll
076126.jpg,41,enroll
076429.jpg,41,enroll
082792.jpg,41,enroll
091872.jpg,41,enroll
094108.jpg,41,test
102922.jpg,41,test
104780.jpg,41,test
109155.jpg,41,test
122235.jpg,41,test
138283.jpg,41,test
005122.jpg,45,enroll
007179.jpg,45,enroll
009663.jpg,45,enroll
023299.jpg,45,enroll
024755.jpg,45,enroll
029535.jpg,45,enroll
060107.jpg,45,enroll
061240.jpg,45,enroll
073437.jpg,45,enroll
080374.jpg,45,enroll
083893.jpg,45,test
085784.jpg,45,test
090391.jpg,45,test
092749.jpg,45,test
102540.jpg,45,test
115195.jpg,45,test
126516.jpg,45,test
142320.jpg,45,test
148290.jpg,45,test
154723.jpg,45,test
004234.jpg,46,enroll
011910.jpg,46,enroll
013728.jpg,46,enroll
017893.jpg,46,enroll
023539.jpg,46,enroll
031336.jpg,46,enroll
043960.jpg,46,enroll
047450.jpg,46,enroll
047572.jpg,46,enroll
064920.jpg,46,enroll
066496.jpg,46,test
067981.jpg,46,test
072946.jpg,46,test
077457.jpg,46,test
081189.jpg,46,test
081762.jpg,46,test
085641.jpg,46,test
109405.jpg,46,test
118227.jpg,46,test
124944.jpg,46,test
002733.jpg,47,enroll
002766.jpg,47,enroll
006570.jpg,47,enroll
011625.jpg,47,enroll
011733.jpg,47,enroll
018619.jpg,47,enroll
025063.jpg,47,enroll
035512.jpg,47,enroll
041484.jpg,47,enroll
044748.jpg,47,enroll
052395.jpg,47,test
053558.jpg,47,test
056818.jpg,47,test
061996.jpg,47,test
064834.jpg,47,test
065466.jpg,47,test
072553.jpg,47,test
076968.jpg,47,test
079480.jpg,47,test
087629.jpg,47,test
012555.jpg,48,enroll
015499.jpg,48,enroll
023398.jpg,48,enroll
035999.jpg,48,enroll
038755.jpg,48,enroll
046340.jpg,48,enroll
050900.jpg,48,enroll
053153.jpg,48,enroll
053179.jpg,48,enroll
055269.jpg,48,enroll
062828.jpg,48,test
085346.jpg,48,test
085676.jpg,48,test
088906.jpg,48,test
090048.jpg,48,test
092809.jpg,48,test
108708.jpg,48,test
109132.jpg,48,test
126052.jpg,48,test
132255.jpg,48,test
002550.jpg,49,enroll
006096.jpg,49,enroll
006588.jpg,49,enroll
006842.jpg,49,enroll
008664.jpg,49,enroll
022076.jpg,49,enroll
031617.jpg,49,enroll
034505.jpg,49,enroll
052493.jpg,49,enroll
054675.jpg,49,enroll
069922.jpg,49,test
070210.jpg,49,test
073777.jpg,49,test
076247.jpg,49,test
083157.jpg,49,test
087012.jpg,49,test
098357.jpg,49,test
100357.jpg,49,test
106617.jpg,49,test
108980.jpg,49,test
008964.jpg,51,enroll
010729.jpg,51,enroll
021323.jpg,51,enroll
038596.jpg,51,enroll
040614.jpg,51,enroll
070534.jpg,51,enroll
086226.jpg,51,enroll
097570.jpg,51,enroll
098327.jpg,51,test
100510.jpg,51,test
111266.jpg,51,test
114056.jpg,51,test
119116.jpg,51,test
132589.jpg,51,test
137035.jpg,51,test
141561.jpg,51,test
146108.jpg,51,test
153110.jpg,51,test
010653.jpg,52,enroll
018836.jpg,52,enroll
021497.jpg,52,enroll
026577.jpg,52,enroll
033309.jpg,52,enroll
037119.jpg,52,enroll
039165.jpg,52,enroll
046085.jpg,52,enroll
068583.jpg,52,enroll
079031.jpg,52,enroll
085583.jpg,52,test
092158.jpg,52,test
096846.jpg,52,test
097277.jpg,52,test
097844.jpg,52,test
101557.jpg,52,test
134460.jpg,52,test
137393.jpg,52,test
139099.jpg,52,test
141930.jpg,52,test
001171.jpg,53,enroll
009811.jpg,53,enroll
020070.jpg,53,enroll
020730.jpg,53,enroll
031482.jpg,53,enroll
052389.jpg,53,enroll
053541.jpg,53,enroll
056296.jpg,53,enroll
071453.jpg,53,enroll
086773.jpg,53,enroll
095628.jpg,53,test
096788.jpg,53,test
097362.jpg,53,test
098284.jpg,53,test
100033.jpg,53,test
117314.jpg,53,test
122121.jpg,53,test
122535.jpg,53,test
133903.jpg,53,test
139126.jpg,53,test
001981.jpg,54,enroll
005939.jpg,54,enroll
011895.jpg,54,enroll
032761.jpg,54,enroll
043236.jpg,54,enroll
047943.jpg,54,enroll
049539.jpg,54,enroll
060484.jpg,54,test
073877.jpg,54,test
094960.jpg,54,test
095550.jpg,54,test
095840.jpg,54,test
113117.jpg,54,test
128275.jpg,54,test
013204.jpg,55,enroll
016354.jpg,55,enroll
018823.jpg,55,enroll
024795.jpg,55,enroll
028931.jpg,55,enroll
031679.jpg,55,enroll
038257.jpg,55,enroll
052316.jpg,55,enroll
060771.jpg,55,enroll
063636.jpg,55,enroll
069506.jpg,55,test
072384.jpg,55,test
072926.jpg,55,test
078192.jpg,55,test
099676.jpg,55,test
100556.jpg,55,test
109293.jpg,55,test
110844.jpg,55,test
113363.jpg,55,test
114524.jpg,55,test
163136.jpg,56,enroll
163579.jpg,56,enroll
164493.jpg,56,enroll
164737.jpg,56,enroll
164826.jpg,56,enroll
165348.jpg,56,enroll
166134.jpg,56,enroll
168338.jpg,56,enroll
168493.jpg,56,enroll
168600.jpg,56,enroll
168970.jpg,56,test
169016.jpg,56,test
171037.jpg,56,test
171543.jpg,56,test
173253.jpg,56,test
176368.jpg,56,test
176478.jpg,56,test
176490.jpg,56,test
177605.jpg,56,test
177638.jpg,56,test
004198.jpg,57,enroll
014528.jpg,57,enroll
032488.jpg,57,enroll
032853.jpg,57,enroll
038451.jpg,57,enroll
049823.jpg,57,enroll
053843.jpg,57,enroll
069630.jpg,57,enroll
074971.jpg,57,enroll
079769.jpg,57,enroll
085952.jpg,57,test
094396.jpg,57,test
097455.jpg,57,test
106753.jpg,57,test
111969.jpg,57,test
117917.jpg,57,test
118624.jpg,57,test
137200.jpg,57,test
140662.jpg,57,test
145563.jpg,57,test
012500.jpg,58,enroll
024858.jpg,58,enroll
031203.jpg,58,enroll
032352.jpg,58,enroll
053750.jpg,58,enroll
056068.jpg,58,enroll
069760.jpg,58,enroll
084244.jpg,58,enroll
095857.jpg,58,test
102100.jpg,58,test
103246.jpg,58,test
108432.jpg,58,test
111084.jpg,58,test
133798.jpg,58,test
137904.jpg,58,test
138251.jpg,58,test
141646.jpg,58,test
142946.jpg,58,test
000129.jpg,59,enroll
003668.jpg,59,enroll
012332.jpg,59,enroll
020035.jpg,59,enroll
020167.jpg,59,enroll
024490.jpg,59,enroll
028224.jpg,59,enroll
030660.jpg,59,enroll
030801.jpg,59,enroll
037220.jpg,59,enroll
042881.jpg,59,test
050516.jpg,59,test
057820.jpg,59,test
060259.jpg,59,test
064256.jpg,59,test
067303.jpg,59,test
068303.jpg,59,test
074968.jpg,59,test
079108.jpg,59,test
091134.jpg,59,test
001352.jpg,61,enroll
011141.jpg,61,enroll
013091.jpg,61,enroll
019298.jpg,61,enroll
020728.jpg,61,enroll
028661.jpg,61,enroll
030250.jpg,61,enroll
037774.jpg,61,enroll
039738.jpg,61,enroll
039967.jpg,61,enroll
041523.jpg,61,test
049481.jpg,61,test
053433.jpg,61,test
062159.jpg,61,test
069677.jpg,61,test
074709.jpg,61,test
081713.jpg,61,test
095961.jpg,61,test
096104.jpg,61,test
099930.jpg,61,test
163164.jpg,62,enroll
163787.jpg,62,enroll
163861.jpg,62,enroll
164805.jpg,62,enroll
165694.jpg,62,enroll
166945.jpg,62,enroll
168067.jpg,62,enroll
170888.jpg,62,enroll
172401.jpg,62,enroll
172893.jpg,62,test
173309.jpg,62,test
174108.jpg,62,test
174376.jpg,62,test
174441.jpg,62,test
175891.jpg,62,test
176193.jpg,62,test
176531.jpg,62,test
176634.jpg,62,test
181592.jpg,62,test
016486.jpg,63,enroll
056543.jpg,63,enroll
059582.jpg,63,enroll
063910.jpg,63,enroll
063939.jpg,63,enroll
064099.jpg,63,enroll
087192.jpg,63,enroll
088752.jpg,63,enroll
095862.jpg,63,enroll
098210.jpg,63,test
104778.jpg,63,test
111989.jpg,63,test
126963.jpg,63,test
128127.jpg,63,test
128640.jpg,63,test
132911.jpg,63,test
137305.jpg,63,test
148723.jpg,63,test
156043.jpg,63,test
011839.jpg,64,enroll
014756.jpg,64,enroll
017192.jpg,64,enroll
022329.jpg,64,enroll
027425.jpg,64,enroll
035689.jpg,64,enroll
038682.jpg,64,enroll
043075.jpg,64,enroll
054494.jpg,64,enroll
055235.jpg,64,test
063268.jpg,64,test
063560.jpg,64,test
065702.jpg,64,test
073244.jpg,64,test
081651.jpg,64,test
087155.jpg,64,test
087353.jpg,64,test
087995.jpg,64,test
090288.jpg,64,test
000854.jpg,65,enroll
006185.jpg,65,enroll
008791.jpg,65,enroll
012357.jpg,65,enroll
045247.jpg,65,enroll
045312.jpg,65,enroll
058270.jpg,65,enroll
071575.jpg,65,enroll
084153.jpg,65,enroll
086802.jpg,65,enroll
089147.jpg,65,test
091237.jpg,65,test
097004.jpg,65,test
097474.jpg,65,test
099607.jpg,65,test
105519.jpg,65,test
110334.jpg,65,test
111727.jpg,65,test
113201.jpg,65,test
120268.jpg,65,test
002438.jpg,66,enroll
004267.jpg,66,enroll
004761.jpg,66,enroll
011659.jpg,66,enroll
012165.jpg,66,enroll
015587.jpg,66,enroll
022901.jpg,66,enroll
041513.jpg,66,enroll
045955.jpg,66,enroll
050291.jpg,66,enroll
052968.jpg,66,test
053736.jpg,66,test
056449.jpg,66,test
057548.jpg,66,test
074958.jpg,66,test
079156.jpg,66,test
084987.jpg,66,test
111428.jpg,66,test
118027.jpg,66,test
125502.jpg,66,test
000932.jpg,67,enroll
006232.jpg,67,enroll
009219.jpg,67,enroll
009541.jpg,67,enroll
014655.jpg,67,enroll
029113.jpg,67,enroll
030235.jpg,67,enroll
051052.jpg,67,enroll
054470.jpg,67,enroll
060675.jpg,67,enroll
067822.jpg,67,test
074032.jpg,67,test
084120.jpg,67,test
085512.jpg,67,test
098375.jpg,67,test
115520.jpg,67,test
125952.jpg,67,test
130341.jpg,67,test
139879.jpg,67,test
144488.jpg,67,test
